name,country,state,county,city,street_address,zip_code,latitude,longitude,email,website,phone_number,type,is_operational,description
Tonaquint Cemetery,United States,Utah,Washington County,Saint George,Saint George,,37.0799227,-113.6014702,,,,human,true,
Enterprise City Cemetery,United States,Utah,Washington County,Enterprise,Enterprise,,37.5762625,-113.7088663,,,,human,true,
Newcastle Cemetery,United States,Utah,Iron County,Newcastle,Newcastle,,37.6622643,-113.5671264,,,,human,true,
Cedar City Cemetery,United States,Utah,Iron County,Cedar City,Cedar City,,37.6909639,-113.0646606,,,,human,true,
Toquerville Cemetery,United States,Utah,Washington County,Virgin Territory Trailer Park,Virgin Territory Trailer Park,,37.2279598,-113.2825304,,,,human,true,
LaVerkin City Cemetery,United States,Utah,Washington County,Virgin Territory Trailer Park,Virgin Territory Trailer Park,,37.212597,-113.270942,,,,human,true,
Virgin Cemetery,United States,Utah,Washington County,Virgin,Virgin,,37.2065268,-113.1906827,,,,human,true,
Springdale Cemetery,United States,Utah,Washington County,Springdale,Springdale,,37.1932278,-113.0022244,,,,human,true,
Hurricane City Cemetery,United States,Utah,Washington County,Hurricane,Hurricane,,37.1872896,-113.2841382,,,,human,true,
Grafton Cemetery,United States,Utah,Washington County,Grafton,Grafton,,37.1630542,-113.0808648,,,,human,true,
Veyo Cemetery,United States,Utah,Washington County,Veyo,Veyo,,37.3463777,-113.6842822,,,,human,true,
Ivins City Cemetery,United States,Utah,Washington County,Ivins,Ivins,,37.1754907,-113.6830831,,,,human,true,
Enoch Cemetery,United States,UT,Iron County,Enoch,1580 East Sunrise Drive,84720,37.7686832,-113.0280385,,,,human,true,
Leeds Cemetery,United States,Utah,Washington County,Leeds,Leeds,,37.2372307,-113.3691898,,,,human,true,
Kanarraville Cemetery,United States,Utah,Iron County,Kanarraville,Kanarraville,,37.538764,-113.1966282,,,,human,true,
Holt Cemetery,United States,Utah,Washington County,Enterprise,Enterprise,,37.5850441,-113.6355314,,,,human,true,
Hebron Cemetery,United States,Utah,Washington County,Enterprise,Enterprise,,37.5904755,-113.8253784,,,,human,true,
Hamblin Cemetery,United States,Utah,Washington County,Enterprise,Enterprise,,37.5363951,-113.6077755,,,,human,true,
Winsor Memorial Cemetery,United States,Utah,Washington County,Enterprise,Enterprise,,37.5822587,-113.7218783,,,,human,true,
Pintura Cemetery,United States,Utah,Washington County,Pintura,Pintura,,37.3434412,-113.2742795,,,,human,true,
Pinto Cemetery,United States,Utah,Iron County,Old Irontown,Old Irontown,,37.5409282,-113.5136511,,,,human,true,
Pine Valley Cemetery,United States,Utah,Washington County,Pine Valley,Pine Valley,,37.3994902,-113.5085786,,,,human,true,
New Harmony Cemetery,United States,Utah,Washington County,New Harmony,New Harmony,,37.4794219,-113.3004411,,,,human,true,
Modena Cemetery,United States,Utah,Iron County,Modena,Modena,,37.8238895,-113.936644,,,,human,true,
Santa Clara City Cemetery,United States,Utah,Washington County,Santa Clara,Santa Clara,,37.1407312,-113.6667798,,,,human,true,
Rockville Cemetery,United States,Utah,Washington County,Rockville,Rockville,,37.162064,-113.0340996,,,,human,true,
Harrisburg Cemetery,United States,Utah,Washington County,Harrisburg,Harrisburg,,37.2057518,-113.3918914,,,,human,true,
Shivwits Cemetery,United States,Utah,Washington County,Shivwits,Shivwits,,37.1823059,-113.765304,,,,human,true,
Gunlock Cemetery,United States,Utah,Washington County,Gunlock,Gunlock,,37.290683,-113.7592395,,,,human,true,
Silver Reef Catholic Cemetery,United States,Utah,Washington County,Leeds,Leeds,,37.244563,-113.3646717,,,,human,true,
John McGarry Memorial Park Cemetery,United States,Utah,Iron County,Beryl Junction,Beryl Junction,,37.6926343,-113.7182513,,,,human,true,
Silver Reef Protestant Cemetery,United States,Utah,Washington County,Leeds,Leeds,,37.2456732,-113.3620472,,,,human,true,
Central Cemetery,United States,Utah,Washington County,Central,Central,,37.4234025,-113.6250519,,,,human,true,
Old Alexander Cemetery,United States,Utah,Washington County,Washington,Washington,,37.1370043,-113.506807,,,,human,true,
Tropic Cemetery,United States,Utah,Garfield County,Tropic,Tropic,,37.6296086,-112.0827086,,,,human,true,
Kanab City Cemetery,United States,Utah,Kane County,Kanab,Kanab,,37.0439086,-112.5187047,,,,human,true,
Escalante Cemetery,United States,Utah,Garfield County,Escalante,Escalante,,37.7652464,-111.5832009,,,,human,true,
Cannonville Cemetery,United States,Utah,Garfield County,Cannonville,Cannonville,,37.5802533,-112.0583952,,,,human,true,
Orderville Cemetery,United States,Utah,Kane County,Orderville,Orderville,,37.2722456,-112.6373453,,,,human,true,
Mount Carmel Cemetery,United States,Utah,Kane County,Mount Carmel,Mount Carmel,,37.2476424,-112.6683638,,,,human,true,
Alton Cemetery,United States,Utah,Kane County,Alton,Alton,,37.4319988,-112.4895992,,,,human,true,
Hatch Cemetery,United States,UT,Garfield County,Hatch,704 South US 89,84735,37.6370984,-112.4447326,,,,human,true,
Glendale City Cemetery,United States,Utah,Kane County,Glendale,Glendale,,37.3186478,-112.5914748,,,,human,true,
Panguitch City Cemetery,United States,Utah,Garfield County,Panguitch,Panguitch,,37.815815,-112.4171747,,,,human,true,
Boulder Cemetery,United States,Utah,Garfield County,Boulder Town,Boulder Town,,37.9213778,-111.4256324,,,,human,true,
Parowan City Cemetery,United States,Utah,Iron County,Parowan,Parowan,,37.8366659,-112.8179727,,,,human,true,
Pariah Cemetery,United States,Utah,Kane County,Paria,Paria,,37.243099,-111.9575378,,,,human,true,
Summit City Cemetery,United States,Utah,Iron County,Summit,Summit,,37.805735,-112.9398258,,,,human,true,
Georgetown Cemetery,United States,Utah,Kane County,Georgetown,Georgetown,,37.536389,-112.0554789,,,,human,true,
Henrieville Cemetery,United States,Utah,Garfield County,Henrieville,Henrieville,,37.5652999,-112.0043989,,,,human,true,
Widtsoe Cemetery,United States,Utah,Garfield County,Widtsoe Junction,Widtsoe Junction,,37.8232649,-112.0076823,,,,human,true,
Paragonah Cemetery,United States,Utah,Iron County,Paragonah,Paragonah,,37.8870646,-112.761816,,,,human,true,
Spry Cemetery,United States,Utah,Garfield County,Bear Valley Junction,Bear Valley Junction,,37.9183333,-112.4364611,,,,human,true,
Hillsdale Cemetery,United States,Utah,Garfield County,Hillsdale,Hillsdale,,37.7183617,-112.376096,,,,human,true,
Angel's Rest Animal Cemetery,United States,Utah,Kane County,Kanab,Kanab,,37.147767,-112.5403491,,,,human,true,
Monument Valley Cemetery,United States,Utah,San Juan County,Goulding,Goulding,,37.0265801,-110.1979788,,,,human,true,
Bluff Cemetery,United States,Utah,San Juan County,Bluff,Bluff,,37.2878484,-109.5546829,,,,human,true,
Blanding City Cemetery,United States,Utah,San Juan County,Blanding,Blanding,,37.6321223,-109.4683201,,,,human,true,
Monticello City Cemetery,United States,Utah,San Juan County,Monticello,Monticello,,37.8678992,-109.3303791,,,,human,true,
Sandy Spring Cemetery,United States,Utah,San Juan County,Aneth,Aneth,,37.2320724,-109.2130746,,,,human,true,
Cedar Cemetery,United States,Utah,San Juan County,Eastland,Eastland,,37.7057284,-109.0817403,,,,human,true,
Mountain View Cemetery,United States,Utah,San Juan County,Eastland,Eastland,,37.7997297,-109.1084311,,,,human,true,
St. Christopher's Cemetery,United States,UT,San Juan County,Bluff,Bluff,84512,37.2854594,-109.5125595,,,,human,true,
Navajo Mountain Cemetery,United States,Utah,San Juan County,Rainbow City,Rainbow City,,37.073913,-110.7429432,,,,human,true,
Lone Mountain,United States,Utah,San Juan County,Aneth,Aneth,,37.2067696,-109.1997324,,,,human,true,
Aneth Cemetery,United States,Utah,San Juan County,Aneth,Aneth,,37.2104617,-109.1701355,,,,human,true,
Callao Cemetery,United States,Utah,Juab County,Callao,Callao,,39.8854959,-113.7086021,,,,human,true,
Frisco Cemetery,United States,Utah,Beaver County,Frisco,Frisco,,38.4511111,-113.2686111,,,,human,true,
Milford City Cemetery,United States,Utah,Beaver County,Milford,Milford,,38.3950689,-113.0149674,,,,human,true,
State Line Cemetery,United States,Utah,Iron County,State Line,State Line,,38.0013419,-114.0019603,,,,human,true,
Squire Family Cemetery,United States,Utah,Beaver County,Newhouse,Newhouse,,38.4888633,-113.4971593,,,,human,true,
Hockman Cemetery,United States,Utah,Millard County,Garrison,Garrison,,38.8110368,-114.0219747,,,,human,true,
Garrison Cemetery,United States,Utah,Millard County,Garrison,Garrison,,38.9389473,-114.0314671,,,,human,true,
Terrace Hill Cemetery,United States,Utah,Piute County,Junction,Junction,,38.2374784,-112.2202049,,,,human,true,
Confederate Soldier Graveyard,United States,Utah,Wasatch County,Soldier Summit,Soldier Summit,,39.9234245,-111.0821616,,,,human,true,
Mount Pleasant City Cemetery,United States,Utah,Sanpete County,Mount Pleasant,Mount Pleasant,,39.5335483,-111.4534972,,,,human,true,
Fitch Cemetery,United States,Utah,Juab County,Mammoth Junction,Mammoth Junction,,39.937162,-112.1529087,,,,human,true,
Eureka Cemetery,United States,Utah,Juab County,Mammoth Junction,Mammoth Junction,,39.9448515,-112.1470336,,,,human,true,
Monroe City Cemetery,United States,Utah,Sevier County,Monroe,Monroe,,38.642653,-112.1122625,,,,human,true,
Santaquin City Cemetery,United States,Utah,Utah County,Santaquin,Santaquin,,39.9698838,-111.7827304,,,,human,true,
Torrey Cemetery,United States,Utah,Wayne County,Torrey,Torrey,,38.2969118,-111.4001783,,,,human,true,
Loa Cemetery,United States,Utah,Wayne County,Loa,Loa,,38.4035911,-111.6554771,,,,human,true,
Manti Cemetery,United States,Utah,Sanpete County,Manti,Manti,,39.2763124,-111.6335877,,,,human,true,
Wales Cemetery,United States,Utah,Sanpete County,Wales,Wales,,39.482534,-111.6441434,,,,human,true,
Mountain View Cemetery,United States,Utah,Piute County,Marysvale,Marysvale,,38.4521626,-112.2162232,,,,human,true,
Holden Cemetery,United States,Utah,Millard County,Holden,Holden,,39.0977478,-112.266407,,,,human,true,
Ephraim City Cemetery,United States,Utah,Sanpete County,West Ephraim,West Ephraim,,39.3716733,-111.5884118,,,,human,true,
Greenville Cemetery,United States,Utah,Beaver County,Greenville,Greenville,,38.2569943,-112.7179166,,,,human,true,
Nephi City Cemetery,United States,Utah,Juab County,Nephi,Nephi,,39.7142475,-111.827669,,,,human,true,
Scofield Cemetery,United States,Utah,Carbon County,Scofield,Scofield,,39.7261738,-111.1570568,,,,human,true,
Vine Bluff Cemetery,United States,Utah,Juab County,Nephi,Nephi,,39.7256913,-111.8259596,,,,human,true,
Bicknell Cemetery,United States,Utah,Wayne County,Bicknell,Bicknell,,38.3252847,-111.5366762,,,,human,true,
Lyman Cemetery,United States,Utah,Wayne County,Lyman,Lyman,,38.3853912,-111.6119466,,,+1-435-836-2344,human,true,
Fremont Cemetery,United States,Utah,Wayne County,Fremont,Fremont,,38.4518925,-111.6327776,,,,human,true,
James Yorgason Pioneer Cemetery,United States,Utah,Sanpete County,Fountain Green,Fountain Green,,39.640741,-111.6358254,,,,human,true,
Fountain Green Cemetery,United States,Utah,Sanpete County,Fountain Green,Fountain Green,,39.6342413,-111.6309234,,,,human,true,
Mountain View Cemetery,United States,Utah,Beaver County,Beaver,Beaver,,38.2810321,-112.6315264,,,,human,true,
Richfield City Cemetery,United States,Utah,Sevier County,Richfield,Richfield,,38.7784714,-112.0874841,,,,human,true,
Delta City Cemetery,United States,Utah,Millard County,Delta,Delta,,39.3643717,-112.5656009,,,,human,true,
Ferron City Cemetery,United States,Utah,Emery County,Ferron,Ferron,,39.0933999,-111.1232346,,,,human,true,
Molen Cemetery,United States,Utah,Emery County,Molen,Molen,,39.088894,-111.0553872,,,,human,true,
Castle Dale Cemetery,United States,Utah,Emery County,Castle Dale,Castle Dale,,39.2213905,-111.0211868,,,,human,true,
Pioneer Cemetery,United States,Utah,Sanpete County,West Ephraim,West Ephraim,,39.3896029,-111.5836791,,,,human,true,
Sterling Cemetery,United States,Utah,Sanpete County,Sterling,Sterling,,39.196075,-111.6993137,,,,human,true,
Annabella Cemetery,United States,Utah,Sevier County,Annabella,Annabella,,38.7092142,-112.0496966,,,,human,true,
Aurora Cemetery,United States,Utah,Sevier County,Aurora,Aurora,,38.9254042,-111.9378449,,,,human,true,
Sigurd Cemetery,United States,Utah,Sevier County,Sigurd,Sigurd,,38.8394161,-111.9816457,,,,human,true,
Oak City Cemetery,United States,Utah,Millard County,Oak City,Oak City,,39.3683559,-112.3365308,,,,human,true,
Antimony Cemetery,United States,Utah,Garfield County,Antimony,Antimony,,38.0958244,-111.9842086,,,,human,true,
East Side Cemetery,United States,UT,Sevier County,Salina,Salina,84654,38.9583049,-111.8450332,,,,human,true,
Redmond Cemetery,United States,Utah,Sevier County,Redmond,Redmond,,39.0135808,-111.8708674,,,,human,true,
Old Grover Cemetery,United States,Utah,Wayne County,Grover,Grover,,38.233207,-111.3499044,,,,human,true,
Goshen Cemetery,United States,Utah,Utah County,Goshen,Goshen,,39.9407257,-111.9034803,,,,human,true,
Venice Cemetery,United States,UT,Sevier County,Venice,Black Hill Road,84701,38.7995196,-111.9880702,,,,human,true,
Leamington Cemetery,United States,Utah,Millard County,Leamington,Leamington,,39.5271412,-112.2551344,,,,human,true,
Spring City Pioneer Cemetery,United States,Utah,Sanpete County,Spring City,Spring City,,39.4814422,-111.4936797,,,,human,true,
Kingston Cemetery,United States,Utah,Piute County,Kingston,Kingston,,38.2002224,-112.1944439,,,,human,true,
Elsinore Cemetery,United States,Utah,Sevier County,Elsinore,Elsinore,,38.6958601,-112.1460422,,,,human,true,
Deseret City Cemetery,United States,Utah,Millard County,Deseret,Deseret,,39.2940802,-112.6580955,,,,human,true,
Scipio Cemetery,United States,Utah,Millard County,Scipio,Scipio,,39.2618061,-112.0966401,,,,human,true,
Murray Family Cemetary,United States,Utah,Piute County,Marysvale,Marysvale,,38.4649709,-112.2319711,,,,human,true,
Kanosh Town Cemetary,United States,Utah,Millard County,Kanosh,Kanosh,,38.7849493,-112.4380454,,,+1-435-759-2484,human,true,
Diamond Cemetery,United States,Utah,Juab County,Diamond,Diamond,,39.8811077,-112.1083733,,,,human,true,
Central Valley Cemetery,United States,Utah,Sevier County,Nibley,Nibley,,38.7045129,-112.1230249,,,,human,true,
Vermillion Cemetery,United States,Utah,Sevier County,Vermillion,Vermillion,,38.8605164,-111.9775399,,,,human,true,
Levan Cemetery,United States,Utah,Juab County,Levan,Levan,,39.5498111,-111.852783,,,,human,true,
Orangeville Cemetery,United States,Utah,Emery County,Orangeville,Orangeville,,39.2314585,-111.0695028,,,,human,true,
Pioneer Memorial Park,United States,UT,Juab County,Mona,350 North Main Street,84645,39.821451,-111.8547477,,,,human,true,
Axtell Cemetery,United States,Utah,Sanpete County,Axtell,Axtell,,39.0468093,-111.8275165,,,,human,true,
Dennis Cemetery,United States,Utah,Piute County,Thompsonville,Thompsonville,,38.4110243,-112.2316,,,,human,true,
Fayette Cemetery,United States,Utah,Sanpete County,Fayette,Fayette,,39.2234653,-111.8465549,,,,human,true,
Lynndyl Cemetery,United States,Utah,Millard County,Lynndyl,Lynndyl,,39.5200101,-112.3678462,,,,human,true,
Emery Cemetery,United States,Utah,Emery County,Emery,Emery,,38.9308336,-111.2555368,,,,human,true,
Fairview Cemetery,United States,Utah,Sanpete County,Fairview,Fairview,,39.6348456,-111.4558482,,,,human,true,
Fairview Cemetery,United States,Utah,Sanpete County,Fairview,Fairview,,39.6362533,-111.4523869,,,,human,true,
Centerfield Cemetery,United States,Utah,Sanpete County,Centerfield,Centerfield,,39.1184192,-111.8182187,,,,human,true,
Glenwood Pioneer Cemetery,United States,Utah,Sevier County,Glenwood,Glenwood,,38.7570032,-111.9883277,,,,human,true,
Gunnison Cemetery,United States,Utah,Sanpete County,Gunnison,Gunnison,,39.1672018,-111.8054293,,,,human,true,
Burrville Cemetery,United States,Utah,Sevier County,Burrville,Burrville,,38.5621579,-111.8696084,,,,human,true,
Mayfield Cemetery,United States,Utah,Sanpete County,Mayfield,Mayfield,,39.113073,-111.7185974,,,,human,true,
Junction Cemetery,United States,Utah,Piute County,Junction,Junction,,38.2232303,-112.2166877,,,,human,true,
Thompsonville Cemetery,United States,Utah,Piute County,Thompsonville,Thompsonville,,38.4196693,-112.2158151,,,,human,true,
Howes Cemetery,United States,Utah,Piute County,Alunite,Alunite,,38.3595462,-112.1938097,,,,human,true,
Pioneer Cemetery,United States,Utah,Sevier County,Salina,Salina,,38.969793,-111.8432538,,,,human,true,
Alta City Cemetery,United States,Utah,Piute County,Junction,Junction,,38.2585051,-112.2211261,,,,human,true,
Mill Fork Cemetery,United States,Utah,Utah County,Mill Fork,Mill Fork,,39.9667355,-111.3096142,,,,human,true,
Glenwood Cemetery,United States,Utah,Sevier County,Glenwood,Glenwood,,38.7818242,-111.9872488,,,,human,true,
Meadow Cemetery,United States,Utah,Millard County,Meadow,Meadow,,38.8771464,-112.3862542,,,,human,true,
Oasis Cemetery,United States,Utah,Millard County,Oasis,Oasis,,39.3064842,-112.6082875,,,,human,true,
Moroni City Cemetery,United States,Utah,Sanpete County,Moroni,Moroni,,39.5414437,-111.5942073,,,,human,true,
Chester Cemetery,United States,Utah,Sanpete County,Chester,Chester,,39.4829245,-111.5484696,,,,human,true,
Spencer Cemetery,United States,Utah,Sanpete County,Indianola,Indianola,,39.8041745,-111.494578,,,,human,true,
Sutherland Cemetery,United States,Utah,Millard County,Sutherland,Sutherland,,39.3842045,-112.6552544,,,,human,true,
Spring City Cemetery,United States,Utah,Sanpete County,Spring City,Spring City,,39.4802028,-111.5163643,,,,human,true,
Koosharem Cemetery,United States,Utah,Sevier County,Koosharem,Koosharem,,38.5207399,-111.8849815,,,,human,true,
Circleville Cemetery,United States,Utah,Piute County,Circleville,Circleville,,38.1792933,-112.28348,,,,human,true,
Mona Cemetery,United States,Utah,Juab County,Mona,Mona,,39.8073811,-111.8398587,,,,human,true,
Hinckley City Cemetery,United States,Utah,Millard County,Hinckley,Hinckley,,39.3502959,-112.6860649,,,,human,true,
Fillmore Cemetery,United States,Utah,Millard County,Fillmore,Fillmore,,38.9548087,-112.3125912,,,,human,true,
Teasdale Cemetery,United States,Utah,Wayne County,Teasdale,Teasdale,,38.2896113,-111.4765347,,,,human,true,
Dover Cemetery,United States,Utah,Sanpete County,Fayette,Fayette,,39.2072759,-111.8961369,,,,human,true,
Silver City Cemetery,United States,Utah,Juab County,Silver City,Silver City,,39.902142,-112.1340636,,,,human,true,
Joseph Cemetery,United States,Utah,Sevier County,Joseph,Joseph,,38.6192407,-112.2264106,,,,human,true,
Freedom Cemetery,United States,Utah,Sanpete County,Freedom,Freedom,,39.5437237,-111.652314,,,,human,true,
Swasey Family Cemetery,United States,Utah,Juab County,Mona,Mona,,39.8094009,-111.8763015,,,,human,true,
Adamsville Cemetery,United States,Utah,Beaver County,Adamsville,Adamsville,,38.2595003,-112.7835491,,,,human,true,
Sevier Cemetery,United States,Utah,Sevier County,Cove,Cove,,38.599159,-112.243951,,,,human,true,
Thompson Cemetery,United States,Utah,Grand County,Thompson Springs,Thompson Springs,,38.9705265,-109.7229017,,,,human,true,
Andy Swenson Gravesite,United States,Utah,Grand County,Castle Valley,Castle Valley,,38.6063752,-109.2234479,,,,human,true,
Price City Cemetery,United States,Utah,Carbon County,Wood Hill,Wood Hill,,39.6095555,-110.7989661,,,,human,true,
Carbonville Cemetery,United States,Utah,Carbon County,Carbonville,Carbonville,,39.6329989,-110.844595,,,,human,true,
Cliffview Cemetery,United States,Utah,Carbon County,Wood Hill,Wood Hill,,39.6125607,-110.7818252,,,,human,true,
Wellington Cemetery,United States,Utah,Carbon County,Wellington,Wellington,,39.5491172,-110.7406316,,,,human,true,
Hanksville Cemetery,United States,Utah,Wayne County,Hanksville,Hanksville,,38.3912495,-110.6823183,,,,human,true,
Castle Gate Cemetery,United States,Utah,Carbon County,Castle Gate (historical),Castle Gate (historical),,39.732433,-110.8509117,,,,human,true,
Grand Valley Cemetery,United States,UT,Grand County,Moab,Sand Flats Road,84532,38.5657418,-109.5329383,,,+1-435-259-6855,human,true,
Huntington City Cemetery,United States,UT,Emery County,Huntington,Huntington,84528,39.3373386,-110.9752757,,,+1 435 687 2436,human,true,
Valley View Cemetery,United States,Utah,Carbon County,East Carbon City,East Carbon City,,39.5496646,-110.401703,,,,human,true,
Blue Valley Cemetery,United States,Utah,Wayne County,Hanksville,Hanksville,,38.3531739,-110.8393564,,,,human,true,
Elgin Cemetery,United States,Utah,Grand County,Elgin,Elgin,,39.0157635,-110.1347387,,,,human,true,
Sego Cemetery,United States,Utah,Grand County,Sego,Sego,,39.0234282,-109.7108268,,,,human,true,
Sunset Memorial Cemetery,United States,UT,San Juan County,Moab,2651 Spanish Valley Drive,84532,38.5338063,-109.5000485,,,+1 435 259 6855,human,true,
Mountain View Cemetery,United States,Utah,Carbon County,Helper,Helper,,39.6867292,-110.8450122,,,,human,true,
Cleveland Cemetery,United States,Utah,Emery County,Cleveland,Cleveland,,39.3522485,-110.8434305,,,,human,true,
Old Victor Cemetery,United States,Utah,Emery County,Victor,Victor,,39.3831839,-110.746892,,,,human,true,
Green River Cemetery,United States,Utah,Emery County,Green River,Green River,,38.9975443,-110.17035,,,,human,true,
Meade/Peterson Cemetery,United States,Utah,Carbon County,Price,Price,,39.5918033,-110.7919036,,,+1-801-636-3270,human,true,
Woodside Cemetery,United States,Utah,Emery County,Woodside,Woodside,,39.2690224,-110.3572623,,,,human,true,
Spring Glen Cemetery,United States,UT,Carbon County,Spring Glen,1 West 4630 North,84526,39.6689528,-110.8560795,,,,human,true,
Grames-Powell Cemetery,United States,Utah,Carbon County,Price,Price,,39.6004886,-110.819407,,,,human,true,
Austrian Central Cemetery,United States,Utah,Carbon County,Spring Glen,Spring Glen,,39.6516718,-110.861059,,,,human,true,
Elmo Cemetery,United States,Utah,Emery County,Elmo,Elmo,,39.3857126,-110.8083925,,,,human,true,
Kiz Cemetery,United States,Utah,Carbon County,Sunnyside Junction,Sunnyside Junction,,39.6047985,-110.5548017,,,,human,true,
Haycock Cemetery,United States,Utah,Carbon County,Spring Glen,Spring Glen,,39.6518886,-110.8393492,,,,human,true,
La Sal Cemetery,United States,Utah,San Juan County,La Sal,La Sal,,38.3091647,-109.2610013,,,,human,true,
Castle Valley Cemetery,United States,Utah,Grand County,Castle Valley,Castle Valley,,38.6346346,-109.4038913,,,,human,true,
Castleton Cemetery,United States,Utah,Grand County,Castle Valley,Castle Valley,,38.6071678,-109.3203391,,,,human,true,
Lawrence Cemetery,United States,Utah,Emery County,Lawrence,Lawrence,,39.2985567,-110.9243216,,,,human,true,
Tyrell Cabin Burials,United States,Utah,Box Elder County,Grouse Creek,Grouse Creek,,41.7660301,-113.882511,,,,human,true,
Kimber Ranch Burial,United States,Utah,Box Elder County,Etna,Etna,,41.732975,-113.9447344,,,,human,true,
Wendover Cemetery,United States,Utah,Tooele County,Wendover,Wendover,,40.7480846,-114.0376383,,,,human,true,
Russian Settlement Cemetery,United States,Utah,Box Elder County,Park Valley,Park Valley,,41.7187265,-113.3451523,,,,human,true,
Kelton Cemetery,United States,Utah,Box Elder County,Kelton,Kelton,,41.7460704,-113.1118122,,,,human,true,
Ibapah Cemetery,United States,Utah,Tooele County,Ibapah,Ibapah,,40.0336756,-113.9779903,,,,human,true,
Terrace Cemetery,United States,Utah,Box Elder County,Matlin,Matlin,,41.5067716,-113.5070075,,,,human,true,
Park Valley Pioneer Cemetery,United States,Utah,Box Elder County,Park Valley,Park Valley,,41.8252459,-113.3300804,,,,human,true,
Yost Cemetery,United States,Utah,Box Elder County,Yost,Yost,,41.975554,-113.5355808,,,,human,true,
Grouse Creek Cemetery,United States,Utah,Box Elder County,Grouse Creek,Grouse Creek,,41.7163847,-113.876912,,,,human,true,
Lynn Cemetery,United States,Utah,Box Elder County,Lynn,Lynn,,41.8627285,-113.7444149,,,,human,true,
Park Valley Cemetery,United States,Utah,Box Elder County,Park Valley,Park Valley,,41.8221651,-113.3017002,,,,human,true,
Alta City Cemetery,United States,Utah,Salt Lake County,Alta,Alta,,40.5882839,-111.6354791,,,,human,true,
Emory Cemetery,United States,Utah,Summit County,Emory,Emory,,41.0482796,-111.3060265,,,,human,true,
Chief Green Jacket Grave,United States,Utah,Tooele County,Lofgreen,Lofgreen,,40.0110574,-112.3971747,,,,human,true,
Saint Josephs Church Cemetery,United States,Utah,Weber County,Ben Lomond Suites Condominiums,Ben Lomond Suites Condominiums,,41.2233217,-111.9669328,,,,human,true,
Shrine of Memorial Mausoleum,United States,Utah,Salt Lake County,Empress Condominium,Empress Condominium,,40.7807794,-111.8593799,,,,human,true,
Center Creek Cemetery,United States,Utah,Wasatch County,Center Creek,Center Creek,,40.4799546,-111.3454559,,,,human,true,
William Walter Wilson Burial Site,United States,Utah,Wasatch County,Mound City,Mound City,,40.545,-111.4933333,,,,human,true,
Round Valley Pioneer Cemetery,United States,Utah,Morgan County,Como Springs,Como Springs,,41.0423869,-111.6303073,,,,human,true,
Clinton Cemetery,United States,Utah,Davis County,Jill,Jill,,41.1260271,-112.0422685,,,,human,true,
Warren/West Warren Cemetery,United States,Utah,Weber County,Warren,Warren,,41.273025,-112.1411659,,,,human,true,
Logan Cemetery,United States,Utah,Cache County,North Logan,North Logan,,41.7483148,-111.8078876,,,,human,true,
Roy City Cemetery,United States,Utah,Weber County,Marianne Condominium,Marianne Condominium,,41.1679808,-112.0361907,,,,human,true,
Mount Calvary Catholic Cemetery,United States,UT,Salt Lake County,Salt Lake City,275 North U Street,84103,40.7755145,-111.8551786,,,,human,true,
Salt Lake City Cemetery,United States,Utah,Salt Lake County,Empress Condominium,Empress Condominium,,40.7778794,-111.858874,cemetery@slc.gov,https://www.slc.gov/cemetery/,+1-801-596-5020,human,true,
Park City Cemetery,United States,Utah,Summit County,Park City,Park City,,40.6624002,-111.5036943,,,,human,true,
West Point City Cemetery,United States,UT,Davis County,West Point,80 North 4000 West,84015,41.114487,-112.1007536,,,,human,true,
Pleasant Grove City Cemetery,United States,Utah,Utah County,Pleasant Grove,Pleasant Grove,,40.3690989,-111.7405952,,,,human,true,
Farmington City Cemetery,United States,UT,Davis County,Farmington,200 East 500 South,84025,40.9716054,-111.8820035,,,,human,true,
Syracuse City Cemetery,United States,UT,Davis County,Syracuse,1290 South 1000 West,84075,41.0957846,-112.0471534,,,,human,true,
Wasatch Lawn Memorial Park,United States,UT,Salt Lake County,Salt Lake City,3401 South Highland Drive,,40.6980558,-111.8433149,,,,human,true,
Elysian Burial Gardens,United States,Utah,Salt Lake County,Brookwood,Brookwood,,40.6714531,-111.8585537,,,,human,true,
Herriman Cemetery,United States,Utah,Salt Lake County,Herriman,Herriman,,40.5247734,-112.0347256,,,,human,true,
Bingham City Cemetery,United States,Utah,Salt Lake County,Robbe,Robbe,,40.5652375,-112.0804392,,,,human,true,
Mount Olivet Cemetery,United States,Utah,Salt Lake County,Yale Park,Yale Park,,40.7562064,-111.8500759,,,,human,true,
Pleasant Green Cemetery,United States,UT,Salt Lake County,Magna,9200 W 3500 S,84044,40.6958025,-112.1113327,,https://www.pleasantgreen.net/,,human,true,
Alpine City Cemetery,United States,UT,Utah County,Alpine,400 North Grove Drive,84004,40.4588101,-111.7752737,,,,human,true,
Fort Douglas Post Cemetery,United States,UT,Salt Lake County,Salt Lake City,405 South Chipeta Way,84108,40.7602,-111.8243208,,https://www.cem.va.gov/cems/nchp/FtDouglas.asp,+1 303-761-0117,human,true,
Uintah Cemetery,United States,UT,Weber County,Uintah,1500 East 6400 South,84405,41.1462618,-111.9428974,,,,human,true,
Shaare Tzedek Cemetery,United States,Utah,Salt Lake County,Empress Condominium,Empress Condominium,,40.7813661,-111.8613157,,,,human,true,
Memorial Lake View Mortuary and Cemetery,United States,UT,Davis County,Bountiful,1640 East Lakeview Drive,84010,40.8775048,-111.8466743,,https://www.memorialutah.com/locations/memorial-lakeview-mortuary-cemetery,,human,true,
Clearfield City Cemetery,United States,Utah,Davis County,Campbell Heights,Campbell Heights,,41.0984243,-112.0113306,,,,human,true,
Bountiful City Cemetery,United States,Utah,Davis County,Linda Loma Acres,Linda Loma Acres,,40.8670511,-111.8884892,,,,human,true,
Hooper Cemetery,United States,Utah,Weber County,Shannondoah Estates,Shannondoah Estates,,41.1667741,-112.1309198,,,,human,true,
South Morgan Cemetery,United States,Utah,Morgan County,Morgan,Morgan,,41.0303095,-111.6720136,,,,human,true,
North Morgan Cemetery,United States,Utah,Morgan County,Morgan,Morgan,,41.0532607,-111.6829575,,,,human,true,
Mountain Green Cemetery,United States,Utah,Morgan County,Mountain Green,Mountain Green,,41.144694,-111.8032137,,,,human,true,
Peterson Cemetery,United States,Utah,Morgan County,Peterson,Peterson,,41.1087983,-111.7773398,,,,human,true,
Centerville City Cemetery,United States,Utah,Davis County,Major,Major,,40.911872,-111.8687473,,,,human,true,
Hyde Park Cemetery,United States,Utah,Cache County,Hyde Park,Hyde Park,,41.7980038,-111.8104163,,,,human,true,
Providence Cemetery,United States,Utah,Cache County,River Heights,River Heights,,41.7263349,-111.8120016,,,,human,true,
Lindon City Cemetery,United States,Utah,Utah County,Lindon,Lindon,,40.3483587,-111.7113384,,,,human,true,
Lindquist Cemetery,United States,Utah,Davis County,Mount Air Estates,Mount Air Estates,,41.085971,-111.9518979,,,,human,true,
Huntsville Cemetery,United States,Utah,Weber County,Pine View Park,Pine View Park,,41.2645631,-111.8015469,,,,human,true,
Timpanogos Memorial Gardens,United States,Utah,Utah County,Orem Station,Orem Station,,40.3154955,-111.6855477,,,,human,true,
Crescent Cemetery,United States,UT,Salt Lake County,Sandy,11111 South State Street,84070,40.5494534,-111.8896271,,,,human,true,
Lewiston City Cemetery,United States,Utah,Cache County,Lewiston,Lewiston,,41.9771537,-111.8307284,,,,human,true,
Deweyville Cemetery,United States,Utah,Box Elder County,Deweyville,Deweyville,,41.7142795,-112.0914352,,,,human,true,
Plymouth Cemetery,United States,Utah,Box Elder County,Plymouth,Plymouth,,41.8853986,-112.1751807,,,,human,true,
Mantua Cemetery,United States,Utah,Box Elder County,Mantua,Mantua,,41.4971843,-111.9506832,,,,human,true,
Henefer Cemetery,United States,Utah,Summit County,Henefer,Henefer,,41.0082946,-111.4962612,,,,human,true,
Porterville Cemetery,United States,Utah,Morgan County,Porterville,Porterville,,40.9767037,-111.6852401,,,,human,true,
Washington Heights Memorial Park,United States,Utah,Weber County,Crowther,Crowther,,41.1766105,-111.9695287,,,,human,true,
Milton Cemetery,United States,Utah,Morgan County,Littleton,Littleton,,41.039535,-111.7233356,,,,human,true,
Valley View Memorial Park,United States,Utah,Salt Lake County,Colony West,Colony West,,40.6795017,-111.9956382,,,,human,true,
Coalville Cemetery,United States,Utah,Summit County,Coalville,Coalville,,40.9244095,-111.3921994,,,,human,true,
Croydon Cemetery,United States,Utah,Morgan County,Croydon,Croydon,,41.0620949,-111.5135495,,,,human,true,
Randolph City Cemetery,United States,Utah,Rich County,Randolph,Randolph,,41.6650018,-111.1948105,,,,human,true,
Aultorest Memorial Park,United States,Utah,Weber County,Harbertson,Harbertson,,41.2004412,-111.9610695,,,,human,true,
Ogden City Cemetery,United States,Utah,Weber County,Dankowske Central,Dankowske Central,,41.2332608,-111.9636787,,,,human,true,
Mercur Cemetery,United States,Utah,Tooele County,West Mercur,West Mercur,,40.3051258,-112.2586161,,,,human,true,
Tooele City Cemetery,United States,UT,Tooele County,Tooele,361 South 100 East,84074,40.5233956,-112.2951333,,,+1-801-843-2140,human,true,
Camp Floyd Cemetery,United States,Utah,Utah County,Fairfield,Fairfield,,40.2522648,-112.0984746,,,,human,true,
Fairfield Cemetery,United States,Utah,Utah County,Fairfield,Fairfield,,40.2629916,-112.0961076,,,,human,true,
Taylorsville Memorial Park Cemetery,United States,UT,Salt Lake County,Taylorsville,4567 South Redwood Road,84123,40.6708481,-111.9375854,,,,human,true,
Spanish Fork City Cemetery,United States,Utah,Utah County,Spanish Fork,Spanish Fork,,40.1024245,-111.6473511,,,,human,true,
Saint John Cemetery,United States,Utah,Tooele County,Saint John,Saint John,,40.3615317,-112.4605823,,,,human,true,
Iosepa Cemetery,United States,Utah,Tooele County,Iosepa (historical),Iosepa (historical),,40.5420541,-112.7338729,,,,human,true,
Midvale City Cemetery,United States,Utah,Salt Lake County,Midvale,Midvale,,40.6141935,-111.904498,,,,human,true,
Memorial Gardens of the Wasatch,United States,Utah,Weber County,The Meadows East PRUD,The Meadows East PRUD,,41.1625255,-111.9327056,,,,human,true,
Murray City Cemetery,United States,UT,Salt Lake County,Murray,5490 South Vine Street,84107,40.6517954,-111.8727751,,,,human,true,
West Jordan City Cemetery,United States,UT,Salt Lake County,West Jordan,1300 West 7800 South,84088,40.6081679,-111.9273184,,,+1-801-569-5750,human,true,
Sandy City Cemetery,United States,Utah,Salt Lake County,Mayfield,Mayfield,,40.5868287,-111.8737649,,,,human,true,
Kaysville City Cemetery,United States,Utah,Davis County,Creekside,Creekside,,41.0448262,-111.9275174,,,,human,true,
Wallsburg Cemetery,United States,Utah,Wasatch County,Wallsburg,Wallsburg,,40.3906329,-111.4201812,,,,human,true,
Heber City Cemetery,United States,Utah,Wasatch County,Parkview Trailer Court,Parkview Trailer Court,,40.51642,-111.4013532,,,,human,true,
Glenwood Cemetery,United States,Utah,Summit County,Park City,Park City,,40.6546051,-111.5119131,,,,human,true,
Myers Evergreen Memorial Park,United States,UT,Weber County,Ogden,100 North Monroe Boulevard,84404,41.2645863,-111.9573852,office@myers-mortuary.com,https://myers-mortuary.com/evergreen-memorial-park/,+1 801-593-0845,human,true,
Ben Lomond Cemetery,United States,Utah,Weber County,Protzman,Protzman,,41.3130243,-111.9633442,,,,human,true,
Larkin Sunset Gardens,United States,Utah,Salt Lake County,Dimple Dell Heights,Dimple Dell Heights,,40.5550119,-111.839406,,,,human,true,
Lake Hills Memorial Estates,United States,UT,Salt Lake County,Sandy,10055 South State Street,84070,40.5677292,-111.8890241,,,,human,true,
Kimball-Whitney Cemetery,United States,Utah,Salt Lake County,Kimball Condominium,Kimball Condominium,,40.7729853,-111.8897559,,,,human,true,
Brigham Young Family Memorial Cemetery,United States,UT,Salt Lake County,Salt Lake City,140 East 1st Avenue,84103,40.7702197,-111.8856096,,,,human,true,
Mountain View Cemetery,United States,Utah,Weber County,Eden,Eden,,41.3074022,-111.8147668,,,,human,true,
Stockton Cemetery,United States,Utah,Tooele County,Stockton,Stockton,,40.4590721,-112.3652553,,,,human,true,
West Weber Cemetery,United States,Utah,Weber County,Pioneer Village,Pioneer Village,,41.2758476,-112.0878461,,,,human,true,
Plain City Cemetery,United States,Utah,Weber County,Wakefield,Wakefield,,41.2949342,-112.0853636,,,,human,true,
Tiffany's Memorial Pet Cemetery,United States,Utah,Weber County,Circle Court,Circle Court,,41.2344912,-111.9596386,,,,pet,true,
South Weber Cemetery,United States,Utah,Weber County,Southridge Eight,Southridge Eight,,41.1426776,-111.9702158,,,,human,true,
Willard City Cemetery,United States,Utah,Box Elder County,Willard,Willard,,41.417287,-112.0332342,,,,human,true,
Layton Hills Cemetery,United States,Utah,Davis County,Sahara Village,Sahara Village,,41.0988313,-111.9746904,,,,human,true,
Provo City Cemetery,United States,UT,Utah County,Provo,610 S State Street,84606,40.2241156,-111.6447112,cemetery@provo.gov,https://www.provo.gov/258/Cemetery,,human,true,
Evergreen Cemetery,United States,Utah,Utah County,Wagon Wheel Trailer Park,Wagon Wheel Trailer Park,,40.1409168,-111.6047605,,,,human,true,
Oakley Cemetery,United States,Utah,Summit County,Oakley,Oakley,,40.7234258,-111.2996802,,,,human,true,
Peoa Cemetery,United States,Utah,Summit County,Peoa,Peoa,,40.7311472,-111.3455186,,,,human,true,
Highland City Cemetery,United States,UT,Utah County,Highland,6100 West 11000 North,84003,40.4303895,-111.8071374,,,,human,true,
Springville City Cemetary,United States,Utah,Utah County,Wagon Wheel Trailer Park,Wagon Wheel Trailer Park,,40.1595057,-111.6153241,,,,human,true,
Bluffdale City Cemetery,United States,Utah,Salt Lake County,Bluffdale,Bluffdale,,40.4929157,-111.9379955,,,,human,true,
Riverton City Cemetery,United States,UT,Salt Lake County,Riverton,1528 West 13200 South,84065,40.5123648,-111.933822,,,,human,true,
South Jordan Cemetery,United States,Utah,Salt Lake County,County Cove,County Cove,,40.5583012,-111.92226,,,,human,true,
Larkin Sunset Lawn Cemetery,United States,Utah,Salt Lake County,Foothill Village,Foothill Village,,40.741286,-111.8235318,,,,human,true,
Wights Fort Cemetery,United States,Utah,Salt Lake County,Vista Plat,Vista Plat,,40.5875937,-111.9737306,,,,human,true,
Draper City Cemetery,United States,UT,Salt Lake County,Draper,12451 South 900 East,84020,40.5239437,-111.8652728,,,,human,true,
Union Pioneer Memorial,United States,UT,Salt Lake County,Cottonwood Heights,1475 East Creek Road,84093,40.6098224,-111.8488653,,,,human,true,
Redwood Memorial Estates,United States,Utah,Salt Lake County,Ben Air Estates,Ben Air Estates,,40.6325634,-111.9412606,,,,human,true,
Utah Veterans Cemetery & Memorial Park,United States,Utah,Salt Lake County,Nash,Nash,,40.440666,-111.9314342,,,,human,true,
Midway City Cemetery,United States,Utah,Wasatch County,Midway,Midway,,40.5023728,-111.4868257,,,,human,true,
Hyrum City Cemetery,United States,Utah,Cache County,Hyrum,Hyrum,,41.6352974,-111.8398617,,,,human,true,
B'Nai Israel Cemetery,United States,Utah,Salt Lake County,Empress Condominium,Empress Condominium,,40.7744654,-111.859076,,,,human,true,
Congregation Montefiore Cemetery,United States,Utah,Salt Lake County,Victoria Place,Victoria Place,,40.7741992,-111.8572089,,,,human,true,
Willard Pioneer Cemetery,United States,Utah,Box Elder County,Willard,Willard,,41.4143815,-112.0356656,,,,human,true,
Avon Cemetery,United States,Utah,Cache County,Avon,Avon,,41.5364879,-111.8173282,,,,human,true,
West Haven Cemetery,United States,Utah,Weber County,Hill Acres,Hill Acres,,41.2395576,-112.0363466,,,,human,true,
Corinne Cemetery,United States,Utah,Box Elder County,Corinne,Corinne,,41.5418732,-112.1306596,,,,human,true,
Elwood Cemetery,United States,Utah,Box Elder County,Elwood,Elwood,,41.6892933,-112.1590817,,,,human,true,
Riverview Cemetery,United States,Utah,Box Elder County,Tremonton,Tremonton,,41.6983923,-112.163835,,,,human,true,
Newton Cemetery,United States,Utah,Cache County,Quigley Crossing,Quigley Crossing,,41.8804951,-111.9920154,,,,human,true,
Payson City Cemetery,United States,Utah,Utah County,Payson,Payson,,40.0513385,-111.7189216,,,,human,true,
Brigham City Cemetery,United States,Utah,Box Elder County,Brigham City,Brigham City,,41.502673,-112.0087898,,,,human,true,
Wellsville Cemetery,United States,Utah,Cache County,Wellsville,Wellsville,,41.6476461,-111.9271039,,,,human,true,
Khadeeja Cemetery,United States,UT,Salt Lake County,West Valley City,2512 South Winton Street,84119,40.7161993,-111.9245533,,,,human,true,
Bear River Cemetery,United States,Utah,Box Elder County,Bear River City,Bear River City,,41.6096102,-112.1228276,,,,human,true,
Honeyville Cemetery,United States,Utah,Box Elder County,Honeyville,Honeyville,,41.6339179,-112.0751882,,,,human,true,
Valley View Cemetery,United States,Utah,Box Elder County,Thatcher,Thatcher,,41.7096236,-112.29706,,,,human,true,
Salt Creek Cemetery,United States,Utah,Box Elder County,Bothwell,Bothwell,,41.69627,-112.2261404,,,,human,true,
Penrose Cemetery,United States,Utah,Box Elder County,Penrose,Penrose,,41.6575447,-112.3004317,,,,human,true,
Meadow View Cemetery,United States,Utah,Weber County,Robins Roost,Robins Roost,,41.2974916,-111.8202784,,,,human,true,
Echo Cemetery,United States,Utah,Summit County,Echo,Echo,,40.9789743,-111.441432,,,,human,true,
Marion Cemetery,United States,Utah,Summit County,Marion,Marion,,40.6845907,-111.2680053,,,,human,true,
Daniel Wood Cemetery,United States,Utah,Davis County,Lynnhaven,Lynnhaven,,40.8856311,-111.8924866,,,,human,true,
Wasatch Lawn Memorial Park South,United States,UT,Salt Lake County,Riverton,13001 South 3600 West,84065,40.5145237,-111.9750001,,,,human,true,
Paradise Cemetery,United States,Utah,Cache County,Paradise,Paradise,,41.5699943,-111.8241195,,,,human,true,
Millville City Cemetery,United States,Utah,Cache County,Millville,Millville,,41.6825738,-111.815773,,,,human,true,
Riverside Cemetery,United States,Utah,Box Elder County,Riverside,Riverside,,41.7887173,-112.1419446,,,,human,true,
Garland Cemetery,United States,Utah,Box Elder County,Garland,Garland,,41.7563998,-112.1761397,,,,human,true,
East Garland Cemetery,United States,Utah,Box Elder County,Collinston,Collinston,,41.7679833,-112.1193631,,,,human,true,
Eastman Family Cemetery,United States,Utah,Rich County,Woodruff,Woodruff,,41.5166115,-111.2079769,,,,human,true,
Richville Cemetery,United States,Utah,Morgan County,Richville,Richville,,41.0022483,-111.6895234,,,,human,true,
Richmond City Cemetery,United States,Utah,Cache County,Richmond,Richmond,,41.9312894,-111.8028124,,,,human,true,
East Lawn Memorial Hills,United States,Utah,Utah County,Caryhurst,Caryhurst,,40.297968,-111.6471013,,,,human,true,
Cornish Cemetery,United States,Utah,Cache County,Cornish,Cornish,,41.9740281,-111.9785117,,,,human,true,
Portage Cemetery,United States,Utah,Box Elder County,Portage,Portage,,41.9761974,-112.2569905,,,,human,true,
Washakie Cemetery,United States,Utah,Box Elder County,Washakie,Washakie,,41.9450318,-112.2340203,,,,human,true,
Granite Cemetery,United States,UT,Salt Lake County,Sandy,2969 East 9800 South,84092,40.5730357,-111.8088051,,,,human,true,
Cedar Fort Cemetery,United States,Utah,Utah County,Cedar Fort,Cedar Fort,,40.3225247,-112.1083311,,,,human,true,
Calls Fort Cemetery,United States,Utah,Box Elder County,Honeyville,Honeyville,,41.6109041,-112.0593533,,,,human,true,
Tooele's First Pioneer Cemetery,United States,Utah,Tooele County,Tooele,Tooele,,40.5166427,-112.303859,,,,human,true,
Stansbury Park Cemetery,United States,UT,Tooele County,Stansbury Park,132 East Brigham Road,84074,40.6512444,-112.2998354,,,,human,true,
Garden City Cemetery,United States,Utah,Rich County,Garden City,Garden City,,41.9456804,-111.4045376,,,,human,true,
Clarkston City Cemetery,United States,Utah,Cache County,Clarkston,Clarkston,,41.9311778,-112.0401688,,,,human,true,
Mapleton  Cemetery,United States,Utah,Utah County,Mapleton,Mapleton,,40.1309224,-111.5862085,,,,human,true,
Charleston Cemetery,United States,Utah,Wasatch County,Charleston,Charleston,,40.4611991,-111.4581189,,,,human,true,
Beaver Dam Cemetery,United States,Utah,Box Elder County,Wheelon,Wheelon,,41.8041499,-112.0479467,,,,human,true,
Francis Cemetery,United States,Utah,Summit County,Francis,Francis,,40.6185671,-111.2812136,,,,human,true,
Woodruff Cemetery,United States,Utah,Rich County,Woodruff,Woodruff,,41.5319219,-111.1723729,,,,human,true,
Fielding City Cemetery,United States,UT,Box Elder County,Fielding,17125 North 4400 West,84311,41.821029,-112.1292333,,,+1-801-458-3374,human,true,
Snowville Cemetery,United States,Utah,Box Elder County,Snowville,Snowville,,41.9844,-112.7271121,,,,human,true,
Woodland Cemetery,United States,Utah,Summit County,Woodland,Woodland,,40.5797953,-111.2159112,,,,human,true,
Holladay Memorial Park,United States,Utah,Salt Lake County,Viewmont Condominium,Viewmont Condominium,,40.6624672,-111.8309317,,,,human,true,
Laketown Cemetery,United States,Utah,Rich County,Laketown,Laketown,,41.8148429,-111.3222622,,,,human,true,
Trenton Cemetery,United States,Utah,Cache County,Trenton,Trenton,,41.9063195,-111.9529472,,,,human,true,
Snyderville Cemetery,United States,Utah,Summit County,Snyderville,Snyderville,,40.6979843,-111.5457579,,,,human,true,
Ophir New Cemetery,United States,Utah,Tooele County,Ophir,Ophir,,40.3573383,-112.2906282,,,,human,true,
Ophir Old Cemetery,United States,Utah,Tooele County,Ophir,Ophir,,40.3573567,-112.2893782,,,,human,true,
Round Valley Cemetery,United States,Utah,Rich County,Laketown,Laketown,,41.7853576,-111.3661337,,,,human,true,
Rockport Cemetery,United States,Utah,Summit County,Wanship,Wanship,,40.7579106,-111.3911896,,,,human,true,
Cooper-Hughes-Vickery Cemetery,United States,Utah,Summit County,Wanship,Wanship,,40.7570775,-111.3898394,,,,human,true,
Meadowville Cemetery,United States,Utah,Rich County,Meadowville,Meadowville,,41.8344428,-111.3930108,,,,human,true,
Liberty Cemetery,United States,Utah,Weber County,Liberty,Liberty,,41.3302378,-111.8619535,,,,human,true,
Wanship Cemetery,United States,Utah,Summit County,Wanship,Wanship,,40.8028757,-111.4096619,,,,human,true,
Vernon Cemetery,United States,Utah,Tooele County,Vernon,Vernon,,40.0863819,-112.432175,,,,human,true,
Howell Cemetery,United States,Utah,Box Elder County,Howell,Howell,,41.7954442,-112.435902,,,,human,true,
Mound City Cemetery,United States,Utah,Wasatch County,Mound City,Mound City,,40.5259985,-111.4938518,,,,human,true,
Benjamin Cemetery,United States,Utah,Utah County,Benjamin,Benjamin,,40.0769467,-111.7320313,,,,human,true,
Lake Point Cemetery,United States,UT,Tooele County,Lake Point,7831 North Mountain View Road,84074,40.6714749,-112.2636397,,,,human,true,
Stevens Cemetery,United States,Utah,Summit County,Oakley,Oakley,,40.7219076,-111.2999934,,,,human,true,
Hoytsville Cemetery,United States,Utah,Summit County,Hoytsville,Hoytsville,,40.8751334,-111.3758741,,,,human,true,
Enterprise Cemetery,United States,Utah,Morgan County,Enterprise,Enterprise,,41.1090626,-111.7452774,,,,human,true,
Upton Cemetery,United States,Utah,Summit County,Upton,Upton,,40.9637192,-111.2314976,,,,human,true,
Clover Cemetery,United States,Utah,Tooele County,Clover,Clover,,40.3317965,-112.4785672,,,,human,true,
Upper Francis Cemetery,United States,Utah,Summit County,Francis,Francis,,40.6042116,-111.2526186,,,,human,true,
Lower Francis Cemetery,United States,Utah,Summit County,Francis,Francis,,40.6040053,-111.2528962,,,,human,true,
Pioneer Cemetary,United States,Utah,Summit County,Kamas,Kamas,,40.6524036,-111.2730124,,,,human,true,
Pony Express Memorial Cemetery,United States,Utah,Utah County,Eagle Mountain,Eagle Mountain,,40.3151317,-112.0292527,,,,human,true,
Mount Sterling Cemetery,United States,Utah,Cache County,Mount Sterling,Mount Sterling,,41.6065717,-111.9056787,,,,human,true,
Pet Cemetery,United States,Utah,Tooele County,Vernon,Vernon,,40.1186144,-112.5776629,,,,pet,true,
Pioneer Cemetery,United States,Utah,Davis County,Cahoon Acres,Cahoon Acres,,40.8745854,-111.9005652,,,,human,true,
Deadmans Grave,United States,Utah,Uintah County,Red Wash,Red Wash,,40.2191314,-109.229012,,,,human,true,
Fort Duchesne Cemetery,United States,Utah,Uintah County,Gusher,Gusher,,40.3332928,-109.8173675,,,,human,true,
White Rocks Cemetery,United States,Utah,Uintah County,Whiterocks,Whiterocks,,40.4694003,-109.927095,,,,human,true,
Roosevelt City Cemetery,United States,Utah,Duchesne County,Roosevelt,Roosevelt,,40.2888839,-109.999784,,,,human,true,
Duchesne City Cemetery,United States,Utah,Duchesne County,Duchesne,Duchesne,,40.1550044,-110.4090391,,,+1 435 738 2464,human,true,
Manila Cemetery,United States,Utah,Daggett County,Manila,Manila,,40.996637,-109.7149542,,,,human,true,
Altamont-Mount Emmons Cemetery,United States,Utah,Duchesne County,Altamont,Altamont,,40.3547258,-110.3044448,,,,human,true,
Theodore Cemetery,United States,Utah,Duchesne County,Duchesne,Duchesne,,40.1685509,-110.4106096,,,,human,true,
Uintah and Ouray Indian Cemetery,United States,Utah,Uintah County,Fort Duchesne,Fort Duchesne,,40.3011471,-109.8715988,,,,human,true,
Myton Cemetery,United States,Utah,Duchesne County,Myton,Myton,,40.1944344,-110.0427426,,,,human,true,
Fairview Cemetery,United States,Utah,Uintah County,Maeser,Maeser,,40.4505851,-109.5942059,,,,human,true,
Rock Point Cemetery,United States,Utah,Uintah County,Maeser,Maeser,,40.4946164,-109.572535,,,,human,true,
Vernal Memorial Park,United States,Utah,Uintah County,Naples,Naples,,40.4301905,-109.5216885,,,,human,true,
Cedarview Cemetery,United States,Utah,Duchesne County,Cedarview,Cedarview,,40.3706185,-110.0379884,,,,human,true,
Upalco Cemetery,United States,UT,Duchesne County,Upalco,Upalco,84007,40.2880164,-110.2111984,,,+1 435 454 3274,human,true,
Boneta-Mountain Home Cemetery,United States,Utah,Duchesne County,Boneta,Boneta,,40.3730132,-110.3556789,,,,human,true,
Talmage Cemetery,United States,Utah,Duchesne County,Talmage,Talmage,,40.3560296,-110.4455037,,,,human,true,
Utahn Cemetery,United States,Utah,Duchesne County,Utahn,Utahn,,40.2533162,-110.4048027,,,,human,true,
Tridell Cemetery,United States,Utah,Uintah County,Tridell,Tridell,,40.4345943,-109.8425557,,,,human,true,
Tabiona-Redcliff Cemetery,United States,Utah,Duchesne County,Tabiona,Tabiona,,40.3719041,-110.7127905,,,,human,true,
Strawberry Cemetery,United States,Utah,Duchesne County,Duchesne,Duchesne,,40.1705613,-110.4890963,,,,human,true,
Jensen Cemetery,United States,Utah,Uintah County,Jensen,Jensen,,40.3807568,-109.3556478,,,,human,true,
Whiterocks Cemetery,United States,Utah,Uintah County,Whiterocks,Whiterocks,,40.4689688,-109.9040629,,,,human,true,
Hayden Cemetery,United States,Utah,Uintah County,Hayden,Hayden,,40.4056761,-109.9727247,,,,human,true,
Bridgeland Cemetery,United States,Utah,Duchesne County,Bridgeland,Bridgeland,,40.1660958,-110.2282991,,,,human,true,
Lapoint Cemetery,United States,Utah,Uintah County,Lapoint,Lapoint,,40.4079778,-109.7804922,,,,human,true,
Reeds Cemetery,United States,Utah,Uintah County,Whiterocks,Whiterocks,,40.5245992,-109.9583253,,,,human,true,
Leota Cemetery,United States,Utah,Uintah County,Leota,Leota,,40.192888,-109.6402327,,,,human,true,
Altonah Cemetery,United States,Utah,Duchesne County,Altonah,Altonah,,40.3859305,-110.2833092,,,,human,true,
Ioka Cemetery,United States,Utah,Duchesne County,Ioka,Ioka,,40.2464327,-110.0774167,,,,human,true,
Neola Cemetery,United States,Utah,Duchesne County,Neola,Neola,,40.4469654,-110.0451819,,,,human,true,
Bluebell Cemetery,United States,Utah,Duchesne County,Bluebell,Bluebell,,40.3604261,-110.2330037,,,,human,true,
Randlett Cemetery,United States,Utah,Uintah County,Randlett,Randlett,,40.2367679,-109.802654,,,,human,true,
Fruitland Cemetery,United States,Utah,Duchesne County,Fruitland,Fruitland,,40.2121063,-110.8543186,,,,human,true,
Dry Fork Cemetery,United States,Utah,Uintah County,Dry Fork,Dry Fork,,40.5596204,-109.6556729,,,,human,true,
Ioka West Cemetary,United States,Utah,Duchesne County,Ioka,Ioka,,40.2443284,-110.1513942,,,+1-435-722-3748,human,true,
Cleophas J. Dowd Gravesite,United States,Utah,Daggett County,Manila,Manila,,40.9397163,-109.7606606,,,,human,true,
Standrod Cemetery,United States,Utah,Box Elder County,Standrod,Standrod,,42.0045727,-113.3873056,,,,human,true,
